<?xml version="1.0" encoding="UTF-8"?>
<project-private xmlns="http://www.netbeans.org/ns/project-private/1">
    <editor-bookmarks xmlns="http://www.netbeans.org/ns/editor-bookmarks/2" lastBookmarkId="0"/>
    <open-files xmlns="http://www.netbeans.org/ns/projectui-open-files/2">
        <group>
            <file>file:/D:/Ky_4_KTPM/PRJ301/GitHub/PRJ301/SE1820---PRJ301/PRJ301_Workshop1_SE1820/src/java/DAO/StartupProjectsDAO.java</file>
            <file>file:/D:/Ky_4_KTPM/PRJ301/GitHub/PRJ301/SE1820---PRJ301/PRJ301_Workshop1_SE1820/src/java/utils/AuthUtils.java</file>
            <file>file:/D:/Ky_4_KTPM/PRJ301/GitHub/PRJ301/SE1820---PRJ301/PRJ301_Workshop1_SE1820/web/search.jsp</file>
            <file>file:/D:/Ky_4_KTPM/PRJ301/GitHub/PRJ301/SE1820---PRJ301/PRJ301_Workshop1_SE1820/web/AddProjects.jsp</file>
            <file>file:/D:/Ky_4_KTPM/PRJ301/GitHub/PRJ301/SE1820---PRJ301/PRJ301_Workshop1_SE1820/web/Database.sql</file>
            <file>file:/D:/Ky_4_KTPM/PRJ301/GitHub/PRJ301/SE1820---PRJ301/PRJ301_Workshop1_SE1820/web/login.jsp</file>
            <file>file:/D:/Ky_4_KTPM/PRJ301/GitHub/PRJ301/SE1820---PRJ301/PRJ301_Workshop1_SE1820/src/java/Servlet/MainController.java</file>
            <file>file:/D:/Ky_4_KTPM/PRJ301/GitHub/PRJ301/SE1820---PRJ301/PRJ301_Workshop1_SE1820/src/java/utils/DBUtils.java</file>
            <file>file:/D:/Ky_4_KTPM/PRJ301/GitHub/PRJ301/SE1820---PRJ301/PRJ301_Workshop1_SE1820/src/java/DTO/StartupProjectsDTO.java</file>
        </group>
    </open-files>
</project-private>
